{"intents": [
    {
        "tag" : "greetings",
        "patterns" : ["hey there!", "hello", "how are you", "Whats up", "How are you doing?", "good evening"],
        "responses" : ["Hello, how can I help you today?", "Hey there, good to meet you! how can I help you today?"]
    },
    {
        "tag" : "coffee",
        "patterns" : ["What type of coffee do you sell?", "what are the types of coffee that you make?"],
        "responses" : ["We have Cappuccino, Latte, Arabica and Iced coffee."]
    },
    {
        "tag" : "order",
        "patterns" : ["how can i place order?", "how do i place an order for my coffee?"],
        "responses" : ["You can visit our website www.coffee.com/placeOrder and place your order online."]
    },
    {
        "tag" : "services",
        "patterns" : ["What can you do for me?", "What all things can you do?", "how can you help me?"],
        "responses" : ["I can tell you the type of coffees we serve and how you can place an order."]
    },
    {
        "tag" : "good bye",
        "patterns" : ["bye", "see you later", "thank you for helping me"],
        "responses" : ["Bye!", "Good bye!"]
    }
]}

